Sample,Mean_Wolbachia_Titer,Std_Wolbachia_Titer,Cell_Count,batch
JW18DOX-Ctrl-2,0.007884620200468229,0.608393916841796,26225,0
JW18wMel-Ctrl-2,11.164392576210613,21.12990355471573,22638,1
JW18DOX-SV-2,0.016773565433048622,0.4147683927471686,9788,2
JW18wMel-SV-1,1.18211993888143,4.264983232721441,14686,3
JW18wMel-SV-2,0.898979305063814,3.8973958889836813,18481,4
JW18wMel-Ctrl-1,9.579024451298096,15.557182307744412,25927,5
JW18DOX-Ctrl-1,0.014708143552718036,0.4742672129548342,30579,6
JW18DOX-SV-1,2.1533616933712962,25.013615812658806,1936,7
