Sample,Mean_Wolbachia_Titer,Std_Wolbachia_Titer,Cell_Count,batch
JW18DOX-Ctrl-2,0.0,0.0,5385,0
JW18wMel-Ctrl-2,2167.9169655170645,5288.488907717313,6620,1
JW18DOX-SV-2,0.0,0.0,9298,2
JW18wMel-SV-1,333.4121609437581,629.1088409909224,16788,3
JW18wMel-SV-2,154.03568126325482,310.93856070270385,10079,4
JW18wMel-Ctrl-1,1676.6870050049934,4607.779315973935,4566,5
JW18DOX-Ctrl-1,0.0,0.0,4917,6
JW18DOX-SV-1,0.08339192700647534,6.323672485858459,31526,7
